{"cameraMode":{"drawMode":0,"name":"Shaded","section":"Shading Mode"},"sceneLighting":true,"audioPlay":false,"sceneViewState":{"m_AlwaysRefresh":false,"showFog":true,"showSkybox":true,"showFlares":true,"showImageEffects":true,"showParticleSystems":true,"showVisualEffectGraphs":true,"m_FxEnabled":true},"in2DMode":false,"pivot":{"x":-1.0169267654418946,"y":9.894036293029786,"z":2.6230297088623049},"rotation":{"x":-0.03567400574684143,"y":-0.02280595153570175,"z":-0.0007867650710977614,"w":0.9991331100463867},"size":26.612747192382814,"orthographic":false}